SVC RBF,790,20240413_151414,5.776383924484253,0.2201301097869873,"{'feature_selection__percentile': 50, 'feature_selection__type': 'anova_f', 'lemmatization__pos': 'v', 'model__C': 100, 'model__gamma': 0.1, 'scaler__type': 'robust', 'smote__k_neighbors': 3, 'smote__random_state': 42, 'tokenization__type': 'TweetTokenizer', 'vectorization__max_df': 0.5, 'vectorization__max_features': None, 'vectorization__min_df': 1, 'vectorization__ngram_range': (1, 3), 'vectorization__type': 'count'}",0.4582282913165266,0.3792497678159692,0.3485686890624278,0.32941176470588235,0.4060597500428009,0.0452853811120805,0.38430365258872135
SVC RBF,790,20240413_151414,5.998792552947998,0.20087671279907227,"{'feature_selection__percentile': 50, 'feature_selection__type': 'anova_f', 'lemmatization__pos': 'v', 'model__C': 100, 'model__gamma': 0.001, 'scaler__type': 'robust', 'smote__k_neighbors': 3, 'smote__random_state': 42, 'tokenization__type': 'TweetTokenizer', 'vectorization__max_df': 0.5, 'vectorization__max_features': None, 'vectorization__min_df': 1, 'vectorization__ngram_range': (1, 3), 'vectorization__type': 'count'}",0.4171826224457804,0.4132026580539778,0.331035141329259,0.3794846735604016,0.3719812102790826,0.03134924711571779,0.3825772611337003
SVC RBF,790,20240413_151414,5.973288249969483,0.24366979598999022,"{'feature_selection__percentile': 50, 'feature_selection__type': 'anova_f', 'lemmatization__pos': 'v', 'model__C': 100, 'model__gamma': 0.01, 'scaler__type': 'robust', 'smote__k_neighbors': 3, 'smote__random_state': 42, 'tokenization__type': 'TweetTokenizer', 'vectorization__max_df': 0.5, 'vectorization__max_features': None, 'vectorization__min_df': 1, 'vectorization__ngram_range': (1, 3), 'vectorization__type': 'count'}",0.4325102298877657,0.4006793611435625,0.3505084459904771,0.3741593336420923,0.36469729074117374,0.029056000144595168,0.3845109322810143
SVC RBF,790,20240413_151414,6.127856302261352,0.31250710487365724,"{'feature_selection__percentile': 50, 'feature_selection__type': 'anova_f', 'lemmatization__pos': 'v', 'model__C': 100, 'model__gamma': 1, 'scaler__type': 'robust', 'smote__k_neighbors': 3, 'smote__random_state': 42, 'tokenization__type': 'TweetTokenizer', 'vectorization__max_df': 0.5, 'vectorization__max_features': None, 'vectorization__min_df': 1, 'vectorization__ngram_range': (1, 3), 'vectorization__type': 'count'}",0.34110747408619746,0.3108315295815296,0.3276811821219716,0.22978337452021663,0.34730823991463766,0.04265815913313622,0.3113423600449106
SVC RBF,790,20240413_151414,5.526806116104126,0.1876664638519287,"{'feature_selection__percentile': 50, 'feature_selection__type': 'anova_f', 'lemmatization__pos': 'v', 'model__C': 10, 'model__gamma': 0.1, 'scaler__type': 'robust', 'smote__k_neighbors': 3, 'smote__random_state': 42, 'tokenization__type': 'TweetTokenizer', 'vectorization__max_df': 0.5, 'vectorization__max_features': None, 'vectorization__min_df': 1, 'vectorization__ngram_range': (1, 3), 'vectorization__type': 'count'}",0.4582282913165266,0.3792497678159692,0.3485686890624278,0.32941176470588235,0.4060597500428009,0.0452853811120805,0.38430365258872135
SVC RBF,790,20240413_151414,5.712291622161866,0.19934391975402832,"{'feature_selection__percentile': 50, 'feature_selection__type': 'anova_f', 'lemmatization__pos': 'v', 'model__C': 10, 'model__gamma': 0.001, 'scaler__type': 'robust', 'smote__k_neighbors': 3, 'smote__random_state': 42, 'tokenization__type': 'TweetTokenizer', 'vectorization__max_df': 0.5, 'vectorization__max_features': None, 'vectorization__min_df': 1, 'vectorization__ngram_range': (1, 3), 'vectorization__type': 'count'}",0.34931841799621005,0.39064835859633207,0.24486019736842107,0.28378536437079904,0.3552850177863506,0.052799745707192085,0.32477947122362255
SVC RBF,790,20240413_151414,5.505484676361084,0.13616113662719725,"{'feature_selection__percentile': 50, 'feature_selection__type': 'anova_f', 'lemmatization__pos': 'v', 'model__C': 10, 'model__gamma': 0.01, 'scaler__type': 'robust', 'smote__k_neighbors': 3, 'smote__random_state': 42, 'tokenization__type': 'TweetTokenizer', 'vectorization__max_df': 0.5, 'vectorization__max_features': None, 'vectorization__min_df': 1, 'vectorization__ngram_range': (1, 3), 'vectorization__type': 'count'}",0.41973491778634936,0.39695233534536034,0.3727791718313833,0.38128181971117664,0.3479713982971466,0.02398238981755868,0.3837439285942833
SVC RBF,790,20240413_151414,4.6486592292785645,0.12677621841430664,"{'feature_selection__percentile': 50, 'feature_selection__type': 'anova_f', 'lemmatization__pos': 'v', 'model__C': 10, 'model__gamma': 1, 'scaler__type': 'robust', 'smote__k_neighbors': 3, 'smote__random_state': 42, 'tokenization__type': 'TweetTokenizer', 'vectorization__max_df': 0.5, 'vectorization__max_features': None, 'vectorization__min_df': 1, 'vectorization__ngram_range': (1, 3), 'vectorization__type': 'count'}",0.34110747408619746,0.3108315295815296,0.3276811821219716,0.22978337452021663,0.34730823991463766,0.04265815913313622,0.3113423600449106
SVC RBF,790,20240413_151414,3.665212297439575,0.1487898826599121,"{'feature_selection__percentile': 50, 'feature_selection__type': 'anova_f', 'lemmatization__pos': 'v', 'model__C': 1, 'model__gamma': 0.1, 'scaler__type': 'robust', 'smote__k_neighbors': 3, 'smote__random_state': 42, 'tokenization__type': 'TweetTokenizer', 'vectorization__max_df': 0.5, 'vectorization__max_features': None, 'vectorization__min_df': 1, 'vectorization__ngram_range': (1, 3), 'vectorization__type': 'count'}",0.4393468518534557,0.36588112808698625,0.31629031629031634,0.30149532710280375,0.4076550698548116,0.05243421726683588,0.36613373863767473
SVC RBF,790,20240413_151414,5.8796769142150875,0.185150146484375,"{'feature_selection__percentile': 50, 'feature_selection__type': 'anova_f', 'lemmatization__pos': 'v', 'model__C': 1, 'model__gamma': 0.001, 'scaler__type': 'robust', 'smote__k_neighbors': 3, 'smote__random_state': 42, 'tokenization__type': 'TweetTokenizer', 'vectorization__max_df': 0.5, 'vectorization__max_features': None, 'vectorization__min_df': 1, 'vectorization__ngram_range': (1, 3), 'vectorization__type': 'count'}",0.2942984755448746,0.3211069826946764,0.2152123265911257,0.2506333550958298,0.3430927633826184,0.046510739734862645,0.28486878066182497
SVC RBF,790,20240413_151414,6.839505815505982,0.2824965476989746,"{'feature_selection__percentile': 50, 'feature_selection__type': 'anova_f', 'lemmatization__pos': 'v', 'model__C': 1, 'model__gamma': 0.01, 'scaler__type': 'robust', 'smote__k_neighbors': 3, 'smote__random_state': 42, 'tokenization__type': 'TweetTokenizer', 'vectorization__max_df': 0.5, 'vectorization__max_features': None, 'vectorization__min_df': 1, 'vectorization__ngram_range': (1, 3), 'vectorization__type': 'count'}",0.3510335150960151,0.35061203571449223,0.22709589999125795,0.29585369936391026,0.37624207188160674,0.05343673246752134,0.32016744440945644
SVC RBF,790,20240413_151414,6.129091024398804,0.204994535446167,"{'feature_selection__percentile': 50, 'feature_selection__type': 'anova_f', 'lemmatization__pos': 'v', 'model__C': 1, 'model__gamma': 1, 'scaler__type': 'robust', 'smote__k_neighbors': 3, 'smote__random_state': 42, 'tokenization__type': 'TweetTokenizer', 'vectorization__max_df': 0.5, 'vectorization__max_features': None, 'vectorization__min_df': 1, 'vectorization__ngram_range': (1, 3), 'vectorization__type': 'count'}",0.26418439716312053,0.30802279928364784,0.2781746031746032,0.22978337452021663,0.3567903722270085,0.042858070199706236,0.2873911092737193
SVC RBF,1581,20240413_152408,18.60337677001953,0.47240324020385743,"{'feature_selection__percentile': 50, 'feature_selection__type': 'anova_f', 'lemmatization__pos': 'v', 'model__C': 100, 'model__gamma': 0.1, 'scaler__type': 'robust', 'smote__k_neighbors': 3, 'smote__random_state': 42, 'tokenization__type': 'TweetTokenizer', 'vectorization__max_df': 0.5, 'vectorization__max_features': None, 'vectorization__min_df': 1, 'vectorization__ngram_range': (1, 3), 'vectorization__type': 'count'}",0.3905958864527879,0.452734593837535,0.3876544583008218,0.4619545496738479,0.42040083080387036,0.030682704170642755,0.4226680638137726
SVC RBF,1581,20240413_152804,12.985652732849122,0.5778616428375244,"{'feature_selection__percentile': 50, 'feature_selection__type': 'anova_f', 'lemmatization__pos': 'v', 'model__C': 100, 'model__gamma': 0.1, 'scaler__type': 'robust', 'smote__k_neighbors': 3, 'smote__random_state': 42, 'tokenization__type': 'TweetTokenizer', 'vectorization__max_df': 0.5, 'vectorization__max_features': None, 'vectorization__min_df': 1, 'vectorization__ngram_range': (1, 3), 'vectorization__type': 'count'}",0.37764038185803755,0.44698774764387506,0.3845993314006018,0.45927374490036743,0.4363992276836314,0.033413895213681225,0.42098008669730264
SVC RBF,1581,20240413_153131,16.74377269744873,0.3839311122894287,"{'feature_selection__percentile': 50, 'feature_selection__type': 'anova_f', 'lemmatization__pos': 'v', 'model__C': 100, 'model__gamma': 0.1, 'scaler__type': 'robust', 'smote__k_neighbors': 3, 'smote__random_state': 42, 'tokenization__type': 'TweetTokenizer', 'vectorization__max_df': 0.5, 'vectorization__max_features': None, 'vectorization__min_df': 1, 'vectorization__ngram_range': (1, 3), 'vectorization__type': 'count'}",0.3939444730142405,0.44750339114745896,0.3958281034124669,0.4476089139491154,0.40211669206234424,0.0247704687486808,0.4174003147171252
SVC RBF,1581,20240413_153646,12.86688723564148,0.37609295845031737,"{'feature_selection__percentile': 50, 'feature_selection__type': 'anova_f', 'lemmatization__pos': 'v', 'model__C': 100, 'model__gamma': 0.1, 'scaler__type': 'robust', 'smote__k_neighbors': 3, 'smote__random_state': 42, 'tokenization__type': 'TweetTokenizer', 'vectorization__max_df': 0.25, 'vectorization__max_features': None, 'vectorization__min_df': 1, 'vectorization__ngram_range': (1, 3), 'vectorization__type': 'count'}",0.3905958864527879,0.452734593837535,0.3876544583008218,0.4619545496738479,0.42040083080387036,0.030682704170642755,0.4226680638137726
SVC RBF,1581,20240413_155006,3.7168044567108156,0.5026096343994141,"{'feature_selection__percentile': 10, 'feature_selection__type': 'anova_f', 'lemmatization__pos': 'v', 'model__C': 100, 'model__gamma': 0.1, 'scaler__type': 'robust', 'smote__k_neighbors': 3, 'smote__random_state': 42, 'tokenization__type': 'TweetTokenizer', 'vectorization__max_df': 0.1, 'vectorization__max_features': None, 'vectorization__min_df': 1, 'vectorization__ngram_range': (1, 1), 'vectorization__type': 'count'}",0.3833826465552478,0.40003311296086963,0.35197609946614644,0.41030172342909765,0.4378492922798175,0.028520026618038354,0.3967085749382358
SVC RBF,1581,20240413_155006,29.090296459197997,0.4894510269165039,"{'feature_selection__percentile': 10, 'feature_selection__type': 'anova_f', 'lemmatization__pos': 'v', 'model__C': 100, 'model__gamma': 0.1, 'scaler__type': 'robust', 'smote__k_neighbors': 3, 'smote__random_state': 42, 'tokenization__type': 'TweetTokenizer', 'vectorization__max_df': 0.1, 'vectorization__max_features': None, 'vectorization__min_df': 1, 'vectorization__ngram_range': (1, 5), 'vectorization__type': 'count'}",0.4223991961227356,0.4150382258516521,0.39416079484625205,0.4692730085429201,0.43950246086182526,0.025219866416635,0.42807473724507694
SVC RBF,1581,20240413_155006,2.742872142791748,0.27103633880615235,"{'feature_selection__percentile': 10, 'feature_selection__type': 'anova_f', 'lemmatization__pos': 'v', 'model__C': 100, 'model__gamma': 0.1, 'scaler__type': 'robust', 'smote__k_neighbors': 3, 'smote__random_state': 42, 'tokenization__type': 'TweetTokenizer', 'vectorization__max_df': 1.0, 'vectorization__max_features': None, 'vectorization__min_df': 1, 'vectorization__ngram_range': (1, 1), 'vectorization__type': 'count'}",0.3733776537744503,0.42252808867611213,0.37776598892074154,0.40266511582602316,0.3985535851628908,0.017853359501562558,0.39497808647204363
SVC RBF,1581,20240413_155006,28.28716230392456,1.3183581352233886,"{'feature_selection__percentile': 10, 'feature_selection__type': 'anova_f', 'lemmatization__pos': 'v', 'model__C': 100, 'model__gamma': 0.1, 'scaler__type': 'robust', 'smote__k_neighbors': 3, 'smote__random_state': 42, 'tokenization__type': 'TweetTokenizer', 'vectorization__max_df': 1.0, 'vectorization__max_features': None, 'vectorization__min_df': 1, 'vectorization__ngram_range': (1, 5), 'vectorization__type': 'count'}",0.4196883678791573,0.4512946859903382,0.40658095940555355,0.4065990452959075,0.4663153766399072,0.02439102438315429,0.4300956870421727
SVC RBF,1581,20240413_155006,5.31441822052002,0.4251085758209229,"{'feature_selection__percentile': 90, 'feature_selection__type': 'anova_f', 'lemmatization__pos': 'v', 'model__C': 100, 'model__gamma': 0.1, 'scaler__type': 'robust', 'smote__k_neighbors': 3, 'smote__random_state': 42, 'tokenization__type': 'TweetTokenizer', 'vectorization__max_df': 0.1, 'vectorization__max_features': None, 'vectorization__min_df': 1, 'vectorization__ngram_range': (1, 1), 'vectorization__type': 'count'}",0.4234197227317471,0.3855759502818326,0.37503806710776133,0.4543869416967004,0.4278111946532999,0.0290988123462169,0.4132463752942683
SVC RBF,1581,20240413_155006,32.06213974952698,0.9735731601715087,"{'feature_selection__percentile': 90, 'feature_selection__type': 'anova_f', 'lemmatization__pos': 'v', 'model__C': 100, 'model__gamma': 0.1, 'scaler__type': 'robust', 'smote__k_neighbors': 3, 'smote__random_state': 42, 'tokenization__type': 'TweetTokenizer', 'vectorization__max_df': 0.1, 'vectorization__max_features': None, 'vectorization__min_df': 1, 'vectorization__ngram_range': (1, 5), 'vectorization__type': 'count'}",0.3362633892124208,0.3141586950807341,0.3008991918317471,0.3645279334357443,0.33753814748295685,0.02183456452181591,0.33067747140872067
SVC RBF,1581,20240413_155006,12.259311151504516,1.7308599472045898,"{'feature_selection__percentile': 90, 'feature_selection__type': 'anova_f', 'lemmatization__pos': 'v', 'model__C': 100, 'model__gamma': 0.1, 'scaler__type': 'robust', 'smote__k_neighbors': 3, 'smote__random_state': 42, 'tokenization__type': 'TweetTokenizer', 'vectorization__max_df': 1.0, 'vectorization__max_features': None, 'vectorization__min_df': 1, 'vectorization__ngram_range': (1, 1), 'vectorization__type': 'count'}",0.4674854067573301,0.41916531425275966,0.3990261462785497,0.4826948427836073,0.41944571665331204,0.03188740676030086,0.43756348534511175
SVC RBF,1581,20240413_155006,32.692560529708864,0.6007224082946777,"{'feature_selection__percentile': 90, 'feature_selection__type': 'anova_f', 'lemmatization__pos': 'v', 'model__C': 100, 'model__gamma': 0.1, 'scaler__type': 'robust', 'smote__k_neighbors': 3, 'smote__random_state': 42, 'tokenization__type': 'TweetTokenizer', 'vectorization__max_df': 1.0, 'vectorization__max_features': None, 'vectorization__min_df': 1, 'vectorization__ngram_range': (1, 5), 'vectorization__type': 'count'}",0.31309249786871274,0.3613934369706458,0.33426234979973296,0.37050328975476376,0.3738128522216576,0.02334611930494209,0.3506128853231026
SVC RBF,1581,20240413_160920,3.0392995834350587,0.2555063247680664,"{'feature_selection__percentile': 100, 'feature_selection__type': 'anova_f', 'lemmatization__pos': 'v', 'model__C': 100, 'model__gamma': 0.1, 'scaler__type': 'robust', 'smote__k_neighbors': 3, 'smote__random_state': 42, 'tokenization__type': 'TweetTokenizer', 'vectorization__max_df': 1.0, 'vectorization__max_features': None, 'vectorization__min_df': 1, 'vectorization__ngram_range': (1, 1), 'vectorization__type': 'count'}",0.468027234965206,0.44827298858584824,0.39842319912742447,0.4608761654669671,0.4027679319030967,0.02936340222910428,0.4356735040097085
SVC RBF,1581,20240413_161028,3.7905362606048585,0.30549254417419436,"{'feature_selection__percentile': 10, 'feature_selection__type': 'anova_f', 'lemmatization__pos': 'v', 'model__C': 100, 'model__gamma': 0.1, 'scaler__type': 'robust', 'smote__k_neighbors': 3, 'smote__random_state': 42, 'tokenization__type': 'TweetTokenizer', 'vectorization__max_df': 1.0, 'vectorization__max_features': None, 'vectorization__min_df': 1, 'vectorization__ngram_range': (1, 1), 'vectorization__type': 'count'}",0.3733776537744503,0.42252808867611213,0.37776598892074154,0.40266511582602316,0.3985535851628908,0.017853359501562558,0.39497808647204363
SVC RBF,1581,20240413_161216,5.089501285552979,0.4727953910827637,"{'feature_selection__percentile': 100, 'feature_selection__type': 'anova_f', 'lemmatization__pos': 'v', 'model__C': 100, 'model__gamma': 0.1, 'scaler__type': 'robust', 'smote__k_neighbors': 3, 'smote__random_state': 42, 'tokenization__type': 'TweetTokenizer', 'vectorization__max_df': 1.0, 'vectorization__max_features': None, 'vectorization__min_df': 1, 'vectorization__ngram_range': (1, 1), 'vectorization__type': 'count'}",0.468027234965206,0.44827298858584824,0.39842319912742447,0.4608761654669671,0.4027679319030967,0.02936340222910428,0.4356735040097085
SVC RBF,1581,20240413_161424,19.83862361907959,0.4974483013153076,"{'feature_selection__percentile': 100, 'feature_selection__type': 'anova_f', 'lemmatization__pos': 'v', 'model__C': 100, 'model__gamma': 0.1, 'scaler__type': 'robust', 'smote__k_neighbors': 3, 'smote__random_state': 42, 'tokenization__type': 'TweetTokenizer', 'vectorization__max_df': 1.0, 'vectorization__max_features': None, 'vectorization__min_df': 1, 'vectorization__ngram_range': (1, 5), 'vectorization__type': 'count'}",0.31265763479289915,0.34857870258462476,0.3582046645337785,0.37119281494382195,0.3840458430896075,0.024290848316364036,0.35493593198894635
SVC RBF,1581,20240413_161514,3.9180261135101317,0.2844729423522949,"{'feature_selection__percentile': 100, 'feature_selection__type': 'anova_f', 'lemmatization__pos': 'v', 'model__C': 100, 'model__gamma': 0.1, 'scaler__type': 'robust', 'smote__k_neighbors': 3, 'smote__random_state': 42, 'tokenization__type': 'TweetTokenizer', 'vectorization__max_df': 1.0, 'vectorization__max_features': None, 'vectorization__min_df': 1, 'vectorization__ngram_range': (1, 1), 'vectorization__type': 'count'}",0.4305082269128124,0.4621027260424051,0.4241473752224081,0.4522995186631551,0.42622071657504734,0.015274936239148084,0.43905571268316557
SVC RBF,1581,20240413_161558,3.43640718460083,0.3342616081237793,"{'feature_selection__percentile': 100, 'feature_selection__type': 'anova_f', 'lemmatization__pos': 'v', 'model__C': 100, 'model__gamma': 0.1, 'scaler__type': 'robust', 'smote__k_neighbors': 3, 'smote__random_state': 42, 'tokenization__type': 'TweetTokenizer', 'vectorization__max_df': 1.0, 'vectorization__max_features': None, 'vectorization__min_df': 1, 'vectorization__ngram_range': (1, 1), 'vectorization__type': 'count'}",0.468027234965206,0.44827298858584824,0.39842319912742447,0.4608761654669671,0.4027679319030967,0.02936340222910428,0.4356735040097085
SVC RBF,1581,20240413_161740,4.087451982498169,0.28707199096679686,"{'feature_selection__percentile': 100, 'feature_selection__type': 'anova_f', 'lemmatization__pos': 'v', 'model__C': 100, 'model__gamma': 0.1, 'scaler__type': 'robust', 'smote__k_neighbors': 3, 'smote__random_state': 42, 'tokenization__type': 'TweetTokenizer', 'vectorization__max_df': 1.0, 'vectorization__max_features': None, 'vectorization__min_df': 1, 'vectorization__ngram_range': (1, 1), 'vectorization__type': 'count'}",0.4682395931190514,0.4647392855518105,0.46773993094217814,0.488327040976428,0.45272166889756404,0.011460789419545248,0.4683535038974064
SVC RBF,1581,20240413_161925,3.2207100868225096,0.2231077194213867,"{'feature_selection__percentile': 100, 'feature_selection__type': 'anova_f', 'lemmatization__pos': 'v', 'model__C': 100, 'model__gamma': 0.1, 'scaler__type': 'robust', 'smote__k_neighbors': 4, 'smote__random_state': 42, 'tokenization__type': 'TweetTokenizer', 'vectorization__max_df': 1.0, 'vectorization__max_features': None, 'vectorization__min_df': 1, 'vectorization__ngram_range': (1, 1), 'vectorization__type': 'count'}",0.44333115748471896,0.44572046623813577,0.4690498757169082,0.47243971685381814,0.4107234813117166,0.02216578600324126,0.44825293952105955
SVC RBF,1581,20240413_162001,3.956225061416626,0.2713024616241455,"{'feature_selection__percentile': 100, 'feature_selection__type': 'anova_f', 'lemmatization__pos': 'v', 'model__C': 100, 'model__gamma': 0.1, 'scaler__type': 'robust', 'smote__k_neighbors': 2, 'smote__random_state': 42, 'tokenization__type': 'TweetTokenizer', 'vectorization__max_df': 1.0, 'vectorization__max_features': None, 'vectorization__min_df': 1, 'vectorization__ngram_range': (1, 1), 'vectorization__type': 'count'}",0.47862513462671397,0.44858853119722686,0.44008859571708636,0.469430521768308,0.4497533309804904,0.014359562848763144,0.45729722285796515
SVC RBF,3163,20240413_162135,9.874282932281494,0.9610628128051758,"{'feature_selection__percentile': 100, 'feature_selection__type': 'anova_f', 'lemmatization__pos': 'v', 'model__C': 100, 'model__gamma': 0.1, 'scaler__type': 'robust', 'smote__k_neighbors': 3, 'smote__random_state': 42, 'tokenization__type': 'TweetTokenizer', 'vectorization__max_df': 1.0, 'vectorization__max_features': None, 'vectorization__min_df': 1, 'vectorization__ngram_range': (1, 1), 'vectorization__type': 'count'}",0.4865366055383464,0.46659607899103694,0.4876367933472384,0.4984494564602924,0.45305977912849216,0.01633981159097545,0.4784557426930813
SVC RBF,3163,20240413_162310,11.752011251449584,0.6212224960327148,"{'feature_selection__percentile': 100, 'feature_selection__type': 'anova_f', 'lemmatization__pos': 'v', 'model__C': 100, 'model__gamma': 0.1, 'scaler__type': 'robust', 'smote__k_neighbors': 3, 'smote__random_state': 42, 'tokenization__type': 'TweetTokenizer', 'vectorization__max_df': 1.0, 'vectorization__max_features': None, 'vectorization__min_df': 1, 'vectorization__ngram_range': (1, 1), 'vectorization__type': 'tfidf'}",0.5192469541868301,0.549549133787432,0.5517756463468286,0.5196858391986307,0.462767631954795,0.03211610923440548,0.5206050410949032
SVC RBF,3163,20240413_162550,12.128105688095093,0.7894699096679687,"{'feature_selection__percentile': 100, 'feature_selection__type': 'anova_f', 'lemmatization__pos': 'v', 'model__C': 200, 'model__gamma': 0.1, 'scaler__type': 'robust', 'smote__k_neighbors': 3, 'smote__random_state': 42, 'tokenization__type': 'TweetTokenizer', 'vectorization__max_df': 1.0, 'vectorization__max_features': None, 'vectorization__min_df': 1, 'vectorization__ngram_range': (1, 1), 'vectorization__type': 'tfidf'}",0.5192469541868301,0.549549133787432,0.5517756463468286,0.5196858391986307,0.462767631954795,0.03211610923440548,0.5206050410949032
SVC RBF,3163,20240413_162727,11.298889541625977,0.7065263271331788,"{'feature_selection__percentile': 100, 'feature_selection__type': 'anova_f', 'lemmatization__pos': 'v', 'model__C': 50, 'model__gamma': 0.1, 'scaler__type': 'robust', 'smote__k_neighbors': 3, 'smote__random_state': 42, 'tokenization__type': 'TweetTokenizer', 'vectorization__max_df': 1.0, 'vectorization__max_features': None, 'vectorization__min_df': 1, 'vectorization__ngram_range': (1, 1), 'vectorization__type': 'tfidf'}",0.5192469541868301,0.549549133787432,0.5517756463468286,0.5196858391986307,0.46390258601118084,0.03170793987038761,0.5208320319061804
SVC RBF,3163,20240413_162930,15.158466863632203,0.7112072944641114,"{'feature_selection__percentile': 100, 'feature_selection__type': 'anova_f', 'lemmatization__pos': 'v', 'model__C': 100, 'model__gamma': 10, 'scaler__type': 'robust', 'smote__k_neighbors': 3, 'smote__random_state': 42, 'tokenization__type': 'TweetTokenizer', 'vectorization__max_df': 1.0, 'vectorization__max_features': None, 'vectorization__min_df': 1, 'vectorization__ngram_range': (1, 1), 'vectorization__type': 'tfidf'}",0.2319323699874687,0.273327018459733,0.25283068428765526,0.2587331654886239,0.23471771424140375,0.015413911564467362,0.2503081904929769
SVC RBF,3163,20240413_163152,13.092100858688354,1.2288646221160888,"{'feature_selection__percentile': 100, 'feature_selection__type': 'anova_f', 'lemmatization__pos': 'v', 'model__C': 100, 'model__gamma': 0.1, 'scaler__type': 'robust', 'smote__k_neighbors': 3, 'smote__random_state': 42, 'tokenization__type': 'TweetTokenizer', 'vectorization__max_df': 1.0, 'vectorization__max_features': None, 'vectorization__min_df': 1, 'vectorization__ngram_range': (1, 1), 'vectorization__type': 'tfidf'}",0.5395819536924342,0.5330016955692256,0.5229234576036058,0.5059081934439036,0.5188444414019135,0.011652180081818474,0.5240519483422166
LogisticRegression,3163,20240413_163841,4.814818000793457,0.32483510971069335,"{'feature_selection__percentile': 99, 'feature_selection__type': 'anova_f', 'lemmatization__pos': 'v', 'model__C': 1, 'model__max_iter': 1000000, 'model__multi_class': 'multinomial', 'model__random_state': 42, 'model__solver': 'sag', 'model__tol': 0.001, 'scaler__type': 'robust', 'smote__k_neighbors': 3, 'smote__random_state': 42, 'tokenization__type': 'TweetTokenizer', 'vectorization__max_df': 0.75, 'vectorization__max_features': None, 'vectorization__min_df': 1, 'vectorization__ngram_range': (1, 1), 'vectorization__type': 'tfidf'}",0.5669268182028444,0.5845513126572847,0.5579699712608021,0.5418091931062299,0.5501978073896274,0.014706690660955458,0.5602910205233577
LogisticRegression,3163,20240413_164010,7.737436056137085,0.5395619869232178,"{'feature_selection__percentile': 99, 'feature_selection__type': 'anova_f', 'lemmatization__pos': 'v', 'model__C': 1, 'model__max_iter': 1000000, 'model__multi_class': 'multinomial', 'model__random_state': 42, 'model__solver': 'sag', 'model__tol': 0.001, 'scaler__type': 'robust', 'smote__k_neighbors': 3, 'smote__random_state': 42, 'tokenization__type': 'TweetTokenizer', 'vectorization__max_df': 0.75, 'vectorization__max_features': None, 'vectorization__min_df': 1, 'vectorization__ngram_range': (1, 1), 'vectorization__type': 'tfidf'}",0.5774113754256018,0.553793261422706,0.6092929292929293,0.5551140661013445,0.525964729689285,0.02778717895936304,0.5643152723863734
LogisticRegression,3163,20240413_164137,9.471244668960571,0.870837926864624,"{'feature_selection__percentile': 99, 'feature_selection__type': 'anova_f', 'lemmatization__pos': 'v', 'model__C': 1, 'model__max_iter': 1000000, 'model__multi_class': 'multinomial', 'model__random_state': 42, 'model__solver': 'sag', 'model__tol': 0.001, 'scaler__type': 'robust', 'smote__k_neighbors': 3, 'smote__random_state': 42, 'tokenization__type': 'TweetTokenizer', 'vectorization__max_df': 1.0, 'vectorization__max_features': None, 'vectorization__min_df': 1, 'vectorization__ngram_range': (1, 1), 'vectorization__type': 'tfidf'}",0.5618033878689617,0.5834944039012389,0.5616085527301586,0.5207151455427629,0.5180467123238208,0.025576614139189036,0.5491336404733886
LogisticRegression,3163,20240413_164255,9.474300956726074,0.8764464378356933,"{'feature_selection__percentile': 99, 'feature_selection__type': 'anova_f', 'lemmatization__pos': 'v', 'model__C': 1, 'model__max_iter': 1000000, 'model__multi_class': 'multinomial', 'model__random_state': 42, 'model__solver': 'sag', 'model__tol': 0.001, 'scaler__type': 'robust', 'smote__k_neighbors': 3, 'smote__random_state': 42, 'tokenization__type': 'TweetTokenizer', 'vectorization__max_df': 0.5, 'vectorization__max_features': None, 'vectorization__min_df': 1, 'vectorization__ngram_range': (1, 1), 'vectorization__type': 'tfidf'}",0.5593285123141353,0.58335848830897,0.5411893744784422,0.5242677483790157,0.5535836983646584,0.01962101074228155,0.5523455643690443
LogisticRegression,3163,20240413_164340,4.352829122543335,0.3504169464111328,"{'feature_selection__percentile': 10, 'feature_selection__type': 'anova_f', 'lemmatization__pos': 'v', 'model__C': 1, 'model__max_iter': 1000000, 'model__multi_class': 'multinomial', 'model__random_state': 42, 'model__solver': 'sag', 'model__tol': 0.001, 'scaler__type': 'robust', 'smote__k_neighbors': 3, 'smote__random_state': 42, 'tokenization__type': 'TweetTokenizer', 'vectorization__max_df': 0.75, 'vectorization__max_features': None, 'vectorization__min_df': 1, 'vectorization__ngram_range': (1, 1), 'vectorization__type': 'tfidf'}",0.5444916673002878,0.5478944483595646,0.5614661595091801,0.5260618240979997,0.5374181437040051,0.011697442406258944,0.5434664485942073
LogisticRegression,3163,20240413_164754,3.958532381057739,0.3111711025238037,"{'feature_selection__percentile': 100, 'feature_selection__type': 'anova_f', 'lemmatization__pos': 'v', 'model__C': 1, 'model__max_iter': 1000000, 'model__multi_class': 'multinomial', 'model__penalty': 'l2', 'model__random_state': 42, 'model__solver': 'sag', 'model__tol': 0.001, 'scaler__type': 'robust', 'smote__k_neighbors': 3, 'smote__random_state': 42, 'tokenization__type': 'TweetTokenizer', 'vectorization__max_df': 0.75, 'vectorization__max_features': None, 'vectorization__min_df': 1, 'vectorization__ngram_range': (1, 1), 'vectorization__type': 'tfidf'}",0.5625827991711054,0.5860077854878033,0.5581688849380095,0.537268465301393,0.5569227686213509,0.015572026169919944,0.5601901407039325
LogisticRegression,3163,20240413_164848,4.21740140914917,0.3106855392456055,"{'feature_selection__percentile': 100, 'feature_selection__type': 'anova_f', 'lemmatization__pos': 'v', 'model__C': 1, 'model__max_iter': 1000000, 'model__multi_class': 'ovr', 'model__penalty': 'l2', 'model__random_state': 42, 'model__solver': 'sag', 'model__tol': 0.001, 'scaler__type': 'robust', 'smote__k_neighbors': 3, 'smote__random_state': 42, 'tokenization__type': 'TweetTokenizer', 'vectorization__max_df': 0.75, 'vectorization__max_features': None, 'vectorization__min_df': 1, 'vectorization__ngram_range': (1, 1), 'vectorization__type': 'tfidf'}",0.5433206925279911,0.5668870316667433,0.5585202488421701,0.5431215907654203,0.5518591998907272,0.009116608191486214,0.5527417527386105
LogisticRegression,3163,20240413_164959,4.056181716918945,0.34939007759094237,"{'feature_selection__percentile': 100, 'feature_selection__type': 'anova_f', 'lemmatization__pos': 'v', 'model__C': 1, 'model__max_iter': 1000000, 'model__multi_class': 'ovr', 'model__penalty': 'l2', 'model__random_state': 42, 'model__solver': 'liblinear', 'model__tol': 0.001, 'scaler__type': 'robust', 'smote__k_neighbors': 3, 'smote__random_state': 42, 'tokenization__type': 'TweetTokenizer', 'vectorization__max_df': 0.75, 'vectorization__max_features': None, 'vectorization__min_df': 1, 'vectorization__ngram_range': (1, 1), 'vectorization__type': 'tfidf'}",0.5466687903526689,0.570863016212701,0.5568339778381375,0.5413183176548579,0.5479627535252553,0.010347369756366315,0.552729371116724
LogisticRegression,3163,20240413_165136,5.728224802017212,0.3220653057098389,"{'feature_selection__percentile': 100, 'feature_selection__type': 'anova_f', 'lemmatization__pos': 'v', 'model__C': 1, 'model__max_iter': 1000000, 'model__multi_class': 'multinomial', 'model__penalty': 'none', 'model__random_state': 42, 'model__solver': 'sag', 'model__tol': 0.001, 'scaler__type': 'robust', 'smote__k_neighbors': 3, 'smote__random_state': 42, 'tokenization__type': 'TweetTokenizer', 'vectorization__max_df': 0.75, 'vectorization__max_features': None, 'vectorization__min_df': 1, 'vectorization__ngram_range': (1, 1), 'vectorization__type': 'tfidf'}",0.5463382594417078,0.5882326681096914,0.585214085109302,0.5317799657239313,0.5348850745893461,0.02453522525519912,0.5572900105947957
LogisticRegression,3163,20240413_165245,6.465141296386719,0.5487741470336914,"{'feature_selection__percentile': 100, 'feature_selection__type': 'anova_f', 'lemmatization__pos': 'v', 'model__C': 1, 'model__max_iter': 1000000, 'model__multi_class': 'multinomial', 'model__penalty': 'l2', 'model__random_state': 42, 'model__solver': 'sag', 'model__tol': 0.001, 'scaler__type': 'robust', 'smote__k_neighbors': 3, 'smote__random_state': 42, 'tokenization__type': 'TweetTokenizer', 'vectorization__max_df': 0.75, 'vectorization__max_features': None, 'vectorization__min_df': 1, 'vectorization__ngram_range': (1, 1), 'vectorization__type': 'tfidf'}",0.5625827991711054,0.5860077854878033,0.5581688849380095,0.537268465301393,0.5569227686213509,0.015572026169919944,0.5601901407039325
XGBoost,3163,20240413_170355,93.02922849655151,0.7501517772674561,"{'feature_selection__percentile': 100, 'feature_selection__type': 'anova_f', 'lemmatization__pos': 'v', 'model__learning_rate': 0.3, 'model__max_depth': 30, 'model__n_estimators': 100, 'model__subsample': 1.0, 'scaler__type': 'robust', 'smote__k_neighbors': 3, 'smote__random_state': 42, 'tokenization__type': 'TweetTokenizer', 'vectorization__max_df': 0.75, 'vectorization__max_features': None, 'vectorization__min_df': 1, 'vectorization__ngram_range': (1, 1), 'vectorization__type': 'tfidf'}",0.48048463583012957,0.4965763513938387,0.5115195733616786,0.47268378094234725,0.4418500285041659,0.023560565904133877,0.480622874006432
XGBoost,3163,20240413_185258,9.82691330909729,0.3491241931915283,,"{'feature_selection__percentile': 100, 'feature_selection__type': 'anova_f', 'lemmatization__pos': 'v', 'model__eta': 0.01, 'model__max_depth': 3, 'model__n_estimators': 100, 'model__objective': 'multi:softmax', 'model__random_state': 42, 'model__subsample': 0.5, 'scaler__type': 'robust', 'smote__k_neighbors': 3, 'smote__random_state': 42, 'tokenization__type': 'TweetTokenizer', 'vectorization__max_df': 0.75, 'vectorization__max_features': None, 'vectorization__min_df': 1, 'vectorization__ngram_range': (1, 1), 'vectorization__type': 'tfidf'}",0.4176435862736567,0.42271386308208836,0.4268894578195688,0.41985573538120086,0.423862242884099,0.0032023228243415014,0.42219297708812276,True
XGBoost,3163,20240413_185258,10.32531566619873,0.2940957546234131,,"{'feature_selection__percentile': 100, 'feature_selection__type': 'anova_f', 'lemmatization__pos': 'v', 'model__eta': 0.01, 'model__max_depth': 3, 'model__n_estimators': 100, 'model__objective': 'multi:softmax', 'model__random_state': 42, 'model__subsample': 1.0, 'scaler__type': 'robust', 'smote__k_neighbors': 3, 'smote__random_state': 42, 'tokenization__type': 'TweetTokenizer', 'vectorization__max_df': 0.75, 'vectorization__max_features': None, 'vectorization__min_df': 1, 'vectorization__ngram_range': (1, 1), 'vectorization__type': 'tfidf'}",0.40777058926385734,0.4306002397412917,0.42321890616769475,0.4215725147042543,0.4149664104643672,0.007738144094385567,0.419625732068293,True
XGBoost,3163,20240413_185258,15.539333915710449,0.29648633003234864,,"{'feature_selection__percentile': 100, 'feature_selection__type': 'anova_f', 'lemmatization__pos': 'v', 'model__eta': 0.01, 'model__max_depth': 3, 'model__n_estimators': 200, 'model__objective': 'multi:softmax', 'model__random_state': 42, 'model__subsample': 0.5, 'scaler__type': 'robust', 'smote__k_neighbors': 3, 'smote__random_state': 42, 'tokenization__type': 'TweetTokenizer', 'vectorization__max_df': 0.75, 'vectorization__max_features': None, 'vectorization__min_df': 1, 'vectorization__ngram_range': (1, 1), 'vectorization__type': 'tfidf'}",0.4370653399736516,0.4331284543548695,0.4255491474805856,0.4355391604704893,0.4155199558660859,0.007972765569870591,0.4293604116291364,True
XGBoost,3163,20240413_185258,19.407506370544432,0.4659152030944824,,"{'feature_selection__percentile': 100, 'feature_selection__type': 'anova_f', 'lemmatization__pos': 'v', 'model__eta': 0.01, 'model__max_depth': 3, 'model__n_estimators': 200, 'model__objective': 'multi:softmax', 'model__random_state': 42, 'model__subsample': 1.0, 'scaler__type': 'robust', 'smote__k_neighbors': 3, 'smote__random_state': 42, 'tokenization__type': 'TweetTokenizer', 'vectorization__max_df': 0.75, 'vectorization__max_features': None, 'vectorization__min_df': 1, 'vectorization__ngram_range': (1, 1), 'vectorization__type': 'tfidf'}",0.4142497645240584,0.4507337526205451,0.42647376798102044,0.44090239657249963,0.41886419334187175,0.013659879900334472,0.430244775007999,True
XGBoost,3163,20240413_185258,29.825133180618288,0.6353023529052735,,"{'feature_selection__percentile': 100, 'feature_selection__type': 'anova_f', 'lemmatization__pos': 'v', 'model__eta': 0.01, 'model__max_depth': 5, 'model__n_estimators': 100, 'model__objective': 'multi:softmax', 'model__random_state': 42, 'model__subsample': 0.5, 'scaler__type': 'robust', 'smote__k_neighbors': 3, 'smote__random_state': 42, 'tokenization__type': 'TweetTokenizer', 'vectorization__max_df': 0.75, 'vectorization__max_features': None, 'vectorization__min_df': 1, 'vectorization__ngram_range': (1, 1), 'vectorization__type': 'tfidf'}",0.436215092097445,0.45604988872901175,0.434666147280393,0.4435081361738243,0.40775722901100087,0.015856854419373876,0.43563929865833495,True
XGBoost,3163,20240413_185258,21.611610174179077,0.47864789962768556,,"{'feature_selection__percentile': 100, 'feature_selection__type': 'anova_f', 'lemmatization__pos': 'v', 'model__eta': 0.01, 'model__max_depth': 5, 'model__n_estimators': 100, 'model__objective': 'multi:softmax', 'model__random_state': 42, 'model__subsample': 1.0, 'scaler__type': 'robust', 'smote__k_neighbors': 3, 'smote__random_state': 42, 'tokenization__type': 'TweetTokenizer', 'vectorization__max_df': 0.75, 'vectorization__max_features': None, 'vectorization__min_df': 1, 'vectorization__ngram_range': (1, 1), 'vectorization__type': 'tfidf'}",0.4333076282804543,0.45388917842858734,0.4449568247235267,0.441204405573389,0.41398399344956016,0.013479655626264391,0.4374684060911035,True
XGBoost,3163,20240413_185258,31.9687819480896,0.49087772369384763,,"{'feature_selection__percentile': 100, 'feature_selection__type': 'anova_f', 'lemmatization__pos': 'v', 'model__eta': 0.01, 'model__max_depth': 5, 'model__n_estimators': 200, 'model__objective': 'multi:softmax', 'model__random_state': 42, 'model__subsample': 0.5, 'scaler__type': 'robust', 'smote__k_neighbors': 3, 'smote__random_state': 42, 'tokenization__type': 'TweetTokenizer', 'vectorization__max_df': 0.75, 'vectorization__max_features': None, 'vectorization__min_df': 1, 'vectorization__ngram_range': (1, 1), 'vectorization__type': 'tfidf'}",0.44837786019314574,0.4585120637856178,0.4503388409707947,0.45180991470298243,0.4136437459203124,0.015817739459665078,0.44453648511457067,True
XGBoost,3163,20240413_185258,36.56196413040161,0.42494854927062986,,"{'feature_selection__percentile': 100, 'feature_selection__type': 'anova_f', 'lemmatization__pos': 'v', 'model__eta': 0.01, 'model__max_depth': 5, 'model__n_estimators': 200, 'model__objective': 'multi:softmax', 'model__random_state': 42, 'model__subsample': 1.0, 'scaler__type': 'robust', 'smote__k_neighbors': 3, 'smote__random_state': 42, 'tokenization__type': 'TweetTokenizer', 'vectorization__max_df': 0.75, 'vectorization__max_features': None, 'vectorization__min_df': 1, 'vectorization__ngram_range': (1, 1), 'vectorization__type': 'tfidf'}",0.45073960991628936,0.46130399082987855,0.46147935806736073,0.46090077140903624,0.4190041073194586,0.016354357581279268,0.4506855675084047,True
XGBoost,3163,20240413_185258,38.06351771354675,0.3461397647857666,,"{'feature_selection__percentile': 100, 'feature_selection__type': 'anova_f', 'lemmatization__pos': 'v', 'model__eta': 0.01, 'model__max_depth': 10, 'model__n_estimators': 100, 'model__objective': 'multi:softmax', 'model__random_state': 42, 'model__subsample': 0.5, 'scaler__type': 'robust', 'smote__k_neighbors': 3, 'smote__random_state': 42, 'tokenization__type': 'TweetTokenizer', 'vectorization__max_df': 0.75, 'vectorization__max_features': None, 'vectorization__min_df': 1, 'vectorization__ngram_range': (1, 1), 'vectorization__type': 'tfidf'}",0.46640038855509036,0.47039781293518124,0.4591308251611896,0.44404969301342356,0.4311913964162911,0.014614721649393899,0.4542340232162352,True
XGBoost,3163,20240413_185258,49.2935070514679,0.43507537841796873,,"{'feature_selection__percentile': 100, 'feature_selection__type': 'anova_f', 'lemmatization__pos': 'v', 'model__eta': 0.01, 'model__max_depth': 10, 'model__n_estimators': 100, 'model__objective': 'multi:softmax', 'model__random_state': 42, 'model__subsample': 1.0, 'scaler__type': 'robust', 'smote__k_neighbors': 3, 'smote__random_state': 42, 'tokenization__type': 'TweetTokenizer', 'vectorization__max_df': 0.75, 'vectorization__max_features': None, 'vectorization__min_df': 1, 'vectorization__ngram_range': (1, 1), 'vectorization__type': 'tfidf'}",0.445640988906166,0.4432857740252498,0.42632300508694565,0.4512880791174209,0.4281470737571495,0.009919070865085486,0.43893698417858634,True
XGBoost,3163,20240413_185258,70.9162859916687,0.46584181785583495,,"{'feature_selection__percentile': 100, 'feature_selection__type': 'anova_f', 'lemmatization__pos': 'v', 'model__eta': 0.01, 'model__max_depth': 10, 'model__n_estimators': 200, 'model__objective': 'multi:softmax', 'model__random_state': 42, 'model__subsample': 0.5, 'scaler__type': 'robust', 'smote__k_neighbors': 3, 'smote__random_state': 42, 'tokenization__type': 'TweetTokenizer', 'vectorization__max_df': 0.75, 'vectorization__max_features': None, 'vectorization__min_df': 1, 'vectorization__ngram_range': (1, 1), 'vectorization__type': 'tfidf'}",0.4798297701483383,0.470447951161865,0.47187747083544407,0.4560843128260658,0.423174352953895,0.020072443142901773,0.4602827715851217,True
XGBoost,3163,20240413_185258,166.8756335735321,0.8365402698516846,,"{'feature_selection__percentile': 100, 'feature_selection__type': 'anova_f', 'lemmatization__pos': 'v', 'model__eta': 0.01, 'model__max_depth': 10, 'model__n_estimators': 200, 'model__objective': 'multi:softmax', 'model__random_state': 42, 'model__subsample': 1.0, 'scaler__type': 'robust', 'smote__k_neighbors': 3, 'smote__random_state': 42, 'tokenization__type': 'TweetTokenizer', 'vectorization__max_df': 0.75, 'vectorization__max_features': None, 'vectorization__min_df': 1, 'vectorization__ngram_range': (1, 1), 'vectorization__type': 'tfidf'}",0.46076265141640105,0.4622674078659994,0.45809178497757813,0.4637265764369247,0.4411767699385254,0.008228078301982219,0.45720503812708574,True
XGBoost,3163,20240413_185258,26.254180669784546,1.0398871421813964,,"{'feature_selection__percentile': 100, 'feature_selection__type': 'anova_f', 'lemmatization__pos': 'v', 'model__eta': 0.1, 'model__max_depth': 3, 'model__n_estimators': 100, 'model__objective': 'multi:softmax', 'model__random_state': 42, 'model__subsample': 0.5, 'scaler__type': 'robust', 'smote__k_neighbors': 3, 'smote__random_state': 42, 'tokenization__type': 'TweetTokenizer', 'vectorization__max_df': 0.75, 'vectorization__max_features': None, 'vectorization__min_df': 1, 'vectorization__ngram_range': (1, 1), 'vectorization__type': 'tfidf'}",0.4894790591578592,0.5056759352181888,0.49596299310985337,0.4798327783428817,0.43840796333838283,0.023308074460543025,0.4818717458334332,True
XGBoost,3163,20240413_185258,10.959468841552734,0.3691756248474121,,"{'feature_selection__percentile': 100, 'feature_selection__type': 'anova_f', 'lemmatization__pos': 'v', 'model__eta': 0.1, 'model__max_depth': 3, 'model__n_estimators': 100, 'model__objective': 'multi:softmax', 'model__random_state': 42, 'model__subsample': 1.0, 'scaler__type': 'robust', 'smote__k_neighbors': 3, 'smote__random_state': 42, 'tokenization__type': 'TweetTokenizer', 'vectorization__max_df': 0.75, 'vectorization__max_features': None, 'vectorization__min_df': 1, 'vectorization__ngram_range': (1, 1), 'vectorization__type': 'tfidf'}",0.4828159955494421,0.49626082862154325,0.49731087671273355,0.4749422317050537,0.44872111121825997,0.017753648714610288,0.48001020876140654,True
XGBoost,3163,20240413_185258,17.040089654922486,0.4619125843048096,,"{'feature_selection__percentile': 100, 'feature_selection__type': 'anova_f', 'lemmatization__pos': 'v', 'model__eta': 0.1, 'model__max_depth': 3, 'model__n_estimators': 200, 'model__objective': 'multi:softmax', 'model__random_state': 42, 'model__subsample': 0.5, 'scaler__type': 'robust', 'smote__k_neighbors': 3, 'smote__random_state': 42, 'tokenization__type': 'TweetTokenizer', 'vectorization__max_df': 0.75, 'vectorization__max_features': None, 'vectorization__min_df': 1, 'vectorization__ngram_range': (1, 1), 'vectorization__type': 'tfidf'}",0.5315147198480532,0.4859034222140511,0.5080683313358996,0.4882322071634898,0.43742298471359464,0.03109316792770455,0.4902283330550176,True
XGBoost,3163,20240413_185258,32.77002062797546,0.7645474433898926,,"{'feature_selection__percentile': 100, 'feature_selection__type': 'anova_f', 'lemmatization__pos': 'v', 'model__eta': 0.1, 'model__max_depth': 3, 'model__n_estimators': 200, 'model__objective': 'multi:softmax', 'model__random_state': 42, 'model__subsample': 1.0, 'scaler__type': 'robust', 'smote__k_neighbors': 3, 'smote__random_state': 42, 'tokenization__type': 'TweetTokenizer', 'vectorization__max_df': 0.75, 'vectorization__max_features': None, 'vectorization__min_df': 1, 'vectorization__ngram_range': (1, 1), 'vectorization__type': 'tfidf'}",0.4959899937342911,0.5332609748160514,0.5507386895776364,0.4979093136335377,0.46037308173719144,0.031554716987193546,0.5076544106997416,True
XGBoost,3163,20240413_185258,29.299806213378908,0.6023888111114502,,"{'feature_selection__percentile': 100, 'feature_selection__type': 'anova_f', 'lemmatization__pos': 'v', 'model__eta': 0.1, 'model__max_depth': 5, 'model__n_estimators': 100, 'model__objective': 'multi:softmax', 'model__random_state': 42, 'model__subsample': 0.5, 'scaler__type': 'robust', 'smote__k_neighbors': 3, 'smote__random_state': 42, 'tokenization__type': 'TweetTokenizer', 'vectorization__max_df': 0.75, 'vectorization__max_features': None, 'vectorization__min_df': 1, 'vectorization__ngram_range': (1, 1), 'vectorization__type': 'tfidf'}",0.4683554622373066,0.5175607530005959,0.5131393024538187,0.4759853063378753,0.43609059928425076,0.03021254809585835,0.48222628466276946,True
XGBoost,3163,20240413_185258,23.891913509368898,0.6029889106750488,,"{'feature_selection__percentile': 100, 'feature_selection__type': 'anova_f', 'lemmatization__pos': 'v', 'model__eta': 0.1, 'model__max_depth': 5, 'model__n_estimators': 100, 'model__objective': 'multi:softmax', 'model__random_state': 42, 'model__subsample': 1.0, 'scaler__type': 'robust', 'smote__k_neighbors': 3, 'smote__random_state': 42, 'tokenization__type': 'TweetTokenizer', 'vectorization__max_df': 0.75, 'vectorization__max_features': None, 'vectorization__min_df': 1, 'vectorization__ngram_range': (1, 1), 'vectorization__type': 'tfidf'}",0.4892677747157287,0.5012412884306018,0.5289642838986357,0.48519474052510836,0.4599630377344929,0.022483833278181608,0.4929262250609135,True
XGBoost,3163,20240413_185258,36.06258335113525,0.6101693153381348,,"{'feature_selection__percentile': 100, 'feature_selection__type': 'anova_f', 'lemmatization__pos': 'v', 'model__eta': 0.1, 'model__max_depth': 5, 'model__n_estimators': 200, 'model__objective': 'multi:softmax', 'model__random_state': 42, 'model__subsample': 0.5, 'scaler__type': 'robust', 'smote__k_neighbors': 3, 'smote__random_state': 42, 'tokenization__type': 'TweetTokenizer', 'vectorization__max_df': 0.75, 'vectorization__max_features': None, 'vectorization__min_df': 1, 'vectorization__ngram_range': (1, 1), 'vectorization__type': 'tfidf'}",0.5288058107532568,0.5238585158561233,0.5317079751732741,0.4908181422194875,0.43907332902804036,0.03510006810652645,0.5028527546060364,True
XGBoost,3163,20240413_185258,36.87026286125183,0.5622964859008789,,"{'feature_selection__percentile': 100, 'feature_selection__type': 'anova_f', 'lemmatization__pos': 'v', 'model__eta': 0.1, 'model__max_depth': 5, 'model__n_estimators': 200, 'model__objective': 'multi:softmax', 'model__random_state': 42, 'model__subsample': 1.0, 'scaler__type': 'robust', 'smote__k_neighbors': 3, 'smote__random_state': 42, 'tokenization__type': 'TweetTokenizer', 'vectorization__max_df': 0.75, 'vectorization__max_features': None, 'vectorization__min_df': 1, 'vectorization__ngram_range': (1, 1), 'vectorization__type': 'tfidf'}",0.5096966752419255,0.5261317627865628,0.5449910396674201,0.49127880317141925,0.4829003771188737,0.02264762278111717,0.5109997315972403,True
XGBoost,3163,20240413_185258,42.67430467605591,0.554044771194458,,"{'feature_selection__percentile': 100, 'feature_selection__type': 'anova_f', 'lemmatization__pos': 'v', 'model__eta': 0.1, 'model__max_depth': 10, 'model__n_estimators': 100, 'model__objective': 'multi:softmax', 'model__random_state': 42, 'model__subsample': 0.5, 'scaler__type': 'robust', 'smote__k_neighbors': 3, 'smote__random_state': 42, 'tokenization__type': 'TweetTokenizer', 'vectorization__max_df': 0.75, 'vectorization__max_features': None, 'vectorization__min_df': 1, 'vectorization__ngram_range': (1, 1), 'vectorization__type': 'tfidf'}",0.5102885685558106,0.4981927777134215,0.5075048865070512,0.4632534917864638,0.44668739336121843,0.025536740346032257,0.48518542358479316,True
XGBoost,3163,20240413_185258,36.453063583374025,0.48895902633666993,,"{'feature_selection__percentile': 100, 'feature_selection__type': 'anova_f', 'lemmatization__pos': 'v', 'model__eta': 0.1, 'model__max_depth': 10, 'model__n_estimators': 100, 'model__objective': 'multi:softmax', 'model__random_state': 42, 'model__subsample': 1.0, 'scaler__type': 'robust', 'smote__k_neighbors': 3, 'smote__random_state': 42, 'tokenization__type': 'TweetTokenizer', 'vectorization__max_df': 0.75, 'vectorization__max_features': None, 'vectorization__min_df': 1, 'vectorization__ngram_range': (1, 1), 'vectorization__type': 'tfidf'}",0.48860090171547044,0.5053961776222049,0.5319716755219637,0.46519689752761084,0.4646663106060359,0.025498269194594112,0.4911663925986572,True
XGBoost,3163,20240413_185258,47.645057678222656,0.3745893478393555,,"{'feature_selection__percentile': 100, 'feature_selection__type': 'anova_f', 'lemmatization__pos': 'v', 'model__eta': 0.1, 'model__max_depth': 10, 'model__n_estimators': 200, 'model__objective': 'multi:softmax', 'model__random_state': 42, 'model__subsample': 0.5, 'scaler__type': 'robust', 'smote__k_neighbors': 3, 'smote__random_state': 42, 'tokenization__type': 'TweetTokenizer', 'vectorization__max_df': 0.75, 'vectorization__max_features': None, 'vectorization__min_df': 1, 'vectorization__ngram_range': (1, 1), 'vectorization__type': 'tfidf'}",0.5244020426039299,0.5180116462073312,0.5351286338325222,0.4697816584969505,0.4470968412580568,0.03423322047605364,0.49888416447975814,True
XGBoost,3163,20240413_185258,52.112833738327026,0.3853266716003418,,"{'feature_selection__percentile': 100, 'feature_selection__type': 'anova_f', 'lemmatization__pos': 'v', 'model__eta': 0.1, 'model__max_depth': 10, 'model__n_estimators': 200, 'model__objective': 'multi:softmax', 'model__random_state': 42, 'model__subsample': 1.0, 'scaler__type': 'robust', 'smote__k_neighbors': 3, 'smote__random_state': 42, 'tokenization__type': 'TweetTokenizer', 'vectorization__max_df': 0.75, 'vectorization__max_features': None, 'vectorization__min_df': 1, 'vectorization__ngram_range': (1, 1), 'vectorization__type': 'tfidf'}",0.49947057367008113,0.5169273335468488,0.5309314227688502,0.4641441837277882,0.48264891530462584,0.023762821214131338,0.49882448580363886,True
XGBoost,3163,20240413_185258,8.9406822681427,0.3331573486328125,,"{'feature_selection__percentile': 100, 'feature_selection__type': 'anova_f', 'lemmatization__pos': 'v', 'model__eta': 0.3, 'model__max_depth': 3, 'model__n_estimators': 100, 'model__objective': 'multi:softmax', 'model__random_state': 42, 'model__subsample': 0.5, 'scaler__type': 'robust', 'smote__k_neighbors': 3, 'smote__random_state': 42, 'tokenization__type': 'TweetTokenizer', 'vectorization__max_df': 0.75, 'vectorization__max_features': None, 'vectorization__min_df': 1, 'vectorization__ngram_range': (1, 1), 'vectorization__type': 'tfidf'}",0.5170501965265872,0.5094314347886846,0.5247915768661198,0.48223533048740014,0.46785993811805704,0.0216447497661718,0.5002736953573697,True
XGBoost,3163,20240413_185258,9.923326921463012,0.3618722438812256,,"{'feature_selection__percentile': 100, 'feature_selection__type': 'anova_f', 'lemmatization__pos': 'v', 'model__eta': 0.3, 'model__max_depth': 3, 'model__n_estimators': 100, 'model__objective': 'multi:softmax', 'model__random_state': 42, 'model__subsample': 1.0, 'scaler__type': 'robust', 'smote__k_neighbors': 3, 'smote__random_state': 42, 'tokenization__type': 'TweetTokenizer', 'vectorization__max_df': 0.75, 'vectorization__max_features': None, 'vectorization__min_df': 1, 'vectorization__ngram_range': (1, 1), 'vectorization__type': 'tfidf'}",0.5205474073733424,0.524771716928992,0.5483285932661524,0.49173439201599406,0.4865766746157112,0.022734904668659493,0.5143917568400383,True
XGBoost,3163,20240413_185258,14.214132404327392,0.4180153369903564,,"{'feature_selection__percentile': 100, 'feature_selection__type': 'anova_f', 'lemmatization__pos': 'v', 'model__eta': 0.3, 'model__max_depth': 3, 'model__n_estimators': 200, 'model__objective': 'multi:softmax', 'model__random_state': 42, 'model__subsample': 0.5, 'scaler__type': 'robust', 'smote__k_neighbors': 3, 'smote__random_state': 42, 'tokenization__type': 'TweetTokenizer', 'vectorization__max_df': 0.75, 'vectorization__max_features': None, 'vectorization__min_df': 1, 'vectorization__ngram_range': (1, 1), 'vectorization__type': 'tfidf'}",0.5225266744729871,0.5000373289210687,0.5517002696034954,0.4950197813032922,0.48747185595120746,0.023314719107040294,0.5113511820504102,True
XGBoost,3163,20240413_185258,15.006979513168336,0.3685218334197998,,"{'feature_selection__percentile': 100, 'feature_selection__type': 'anova_f', 'lemmatization__pos': 'v', 'model__eta': 0.3, 'model__max_depth': 3, 'model__n_estimators': 200, 'model__objective': 'multi:softmax', 'model__random_state': 42, 'model__subsample': 1.0, 'scaler__type': 'robust', 'smote__k_neighbors': 3, 'smote__random_state': 42, 'tokenization__type': 'TweetTokenizer', 'vectorization__max_df': 0.75, 'vectorization__max_features': None, 'vectorization__min_df': 1, 'vectorization__ngram_range': (1, 1), 'vectorization__type': 'tfidf'}",0.5374979787012867,0.5458841060897586,0.5536278786399189,0.49483503183193767,0.5183721002690671,0.0211592758487518,0.5300434191063937,True
XGBoost,3163,20240413_185258,13.25281400680542,0.40018525123596194,,"{'feature_selection__percentile': 100, 'feature_selection__type': 'anova_f', 'lemmatization__pos': 'v', 'model__eta': 0.3, 'model__max_depth': 5, 'model__n_estimators': 100, 'model__objective': 'multi:softmax', 'model__random_state': 42, 'model__subsample': 0.5, 'scaler__type': 'robust', 'smote__k_neighbors': 3, 'smote__random_state': 42, 'tokenization__type': 'TweetTokenizer', 'vectorization__max_df': 0.75, 'vectorization__max_features': None, 'vectorization__min_df': 1, 'vectorization__ngram_range': (1, 1), 'vectorization__type': 'tfidf'}",0.499658007662353,0.5224193904554758,0.5229987989678261,0.4818828490351592,0.47048545890613913,0.021117404979159475,0.4994889010053907,True
XGBoost,3163,20240413_185258,14.395880365371704,0.38716602325439453,,"{'feature_selection__percentile': 100, 'feature_selection__type': 'anova_f', 'lemmatization__pos': 'v', 'model__eta': 0.3, 'model__max_depth': 5, 'model__n_estimators': 100, 'model__objective': 'multi:softmax', 'model__random_state': 42, 'model__subsample': 1.0, 'scaler__type': 'robust', 'smote__k_neighbors': 3, 'smote__random_state': 42, 'tokenization__type': 'TweetTokenizer', 'vectorization__max_df': 0.75, 'vectorization__max_features': None, 'vectorization__min_df': 1, 'vectorization__ngram_range': (1, 1), 'vectorization__type': 'tfidf'}",0.5190431822385901,0.5199345231522821,0.544665681404212,0.4961309943193246,0.48626148235085803,0.020428510067138063,0.5132071726930534,True
XGBoost,3163,20240413_185258,21.83774733543396,0.4040841102600098,,"{'feature_selection__percentile': 100, 'feature_selection__type': 'anova_f', 'lemmatization__pos': 'v', 'model__eta': 0.3, 'model__max_depth': 5, 'model__n_estimators': 200, 'model__objective': 'multi:softmax', 'model__random_state': 42, 'model__subsample': 0.5, 'scaler__type': 'robust', 'smote__k_neighbors': 3, 'smote__random_state': 42, 'tokenization__type': 'TweetTokenizer', 'vectorization__max_df': 0.75, 'vectorization__max_features': None, 'vectorization__min_df': 1, 'vectorization__ngram_range': (1, 1), 'vectorization__type': 'tfidf'}",0.5095092886435487,0.5305654432857064,0.5337245442049698,0.4890127509729928,0.49904514054366556,0.017426344053736286,0.5123714335301767,True
XGBoost,3163,20240413_185258,23.175903511047363,0.34743475914001465,,"{'feature_selection__percentile': 100, 'feature_selection__type': 'anova_f', 'lemmatization__pos': 'v', 'model__eta': 0.3, 'model__max_depth': 5, 'model__n_estimators': 200, 'model__objective': 'multi:softmax', 'model__random_state': 42, 'model__subsample': 1.0, 'scaler__type': 'robust', 'smote__k_neighbors': 3, 'smote__random_state': 42, 'tokenization__type': 'TweetTokenizer', 'vectorization__max_df': 0.75, 'vectorization__max_features': None, 'vectorization__min_df': 1, 'vectorization__ngram_range': (1, 1), 'vectorization__type': 'tfidf'}",0.5254371427220561,0.5419981219738288,0.5582854130726471,0.4887002537093713,0.5025229312209738,0.025325701963939847,0.5233887725397753,True
XGBoost,3163,20240413_185258,22.809400224685668,0.3726595401763916,,"{'feature_selection__percentile': 100, 'feature_selection__type': 'anova_f', 'lemmatization__pos': 'v', 'model__eta': 0.3, 'model__max_depth': 10, 'model__n_estimators': 100, 'model__objective': 'multi:softmax', 'model__random_state': 42, 'model__subsample': 0.5, 'scaler__type': 'robust', 'smote__k_neighbors': 3, 'smote__random_state': 42, 'tokenization__type': 'TweetTokenizer', 'vectorization__max_df': 0.75, 'vectorization__max_features': None, 'vectorization__min_df': 1, 'vectorization__ngram_range': (1, 1), 'vectorization__type': 'tfidf'}",0.4922216786525428,0.50472402835167,0.5198099381336877,0.47128342672081347,0.45924866827965316,0.021931021524994213,0.4894575480276734,True
XGBoost,3163,20240413_185258,26.139359760284425,0.41212778091430663,,"{'feature_selection__percentile': 100, 'feature_selection__type': 'anova_f', 'lemmatization__pos': 'v', 'model__eta': 0.3, 'model__max_depth': 10, 'model__n_estimators': 100, 'model__objective': 'multi:softmax', 'model__random_state': 42, 'model__subsample': 1.0, 'scaler__type': 'robust', 'smote__k_neighbors': 3, 'smote__random_state': 42, 'tokenization__type': 'TweetTokenizer', 'vectorization__max_df': 0.75, 'vectorization__max_features': None, 'vectorization__min_df': 1, 'vectorization__ngram_range': (1, 1), 'vectorization__type': 'tfidf'}",0.5355570775016507,0.5235789229612251,0.5370233638229921,0.48198520229770225,0.4801867393463203,0.025407049497836204,0.5116662611859781,True
XGBoost,3163,20240413_185258,38.00698313713074,0.41377878189086914,,"{'feature_selection__percentile': 100, 'feature_selection__type': 'anova_f', 'lemmatization__pos': 'v', 'model__eta': 0.3, 'model__max_depth': 10, 'model__n_estimators': 200, 'model__objective': 'multi:softmax', 'model__random_state': 42, 'model__subsample': 0.5, 'scaler__type': 'robust', 'smote__k_neighbors': 3, 'smote__random_state': 42, 'tokenization__type': 'TweetTokenizer', 'vectorization__max_df': 0.75, 'vectorization__max_features': None, 'vectorization__min_df': 1, 'vectorization__ngram_range': (1, 1), 'vectorization__type': 'tfidf'}",0.45874926616639533,0.4933127784099859,0.5114347826086956,0.4437651177325091,0.422871955818836,0.03230261622456722,0.4660267801472844,True
XGBoost,3163,20240413_185258,39.98158631324768,0.38774499893188474,,"{'feature_selection__percentile': 100, 'feature_selection__type': 'anova_f', 'lemmatization__pos': 'v', 'model__eta': 0.3, 'model__max_depth': 10, 'model__n_estimators': 200, 'model__objective': 'multi:softmax', 'model__random_state': 42, 'model__subsample': 1.0, 'scaler__type': 'robust', 'smote__k_neighbors': 3, 'smote__random_state': 42, 'tokenization__type': 'TweetTokenizer', 'vectorization__max_df': 0.75, 'vectorization__max_features': None, 'vectorization__min_df': 1, 'vectorization__ngram_range': (1, 1), 'vectorization__type': 'tfidf'}",0.5284463374112071,0.510607653314569,0.5355871097790439,0.47800631332892185,0.46317006896710533,0.028207397342620486,0.5031634965601695,True
